scope,type,fullName,latestMainDate,latestMainCommit,dates,oldPaths,gitRenameTargets,renameEvidence,production
"force-app","ApexClass","AAREG_ApplicationArchiveBatch","2026-01-11T22:25:39+01:00","8dbf7ec5bdbbb2e703af681f88be26c59dc21d47","2025-11-12T19:52:16+01:00 | 2026-01-11T22:25:39+01:00","force-app/aareg_Websak/classes/AAREG_ApplicationArchiveBatch.cls | force-app/aareg_Websak/classes/AAREG_ApplicationArchiveBatch.cls-meta.xml | force-app/main/default/classes/AAREG_ApplicationArchiveBatch.cls | force-app/main/default/classes/AAREG_ApplicationArchiveBatch.cls-meta.xml","","Git-heuristikk; ikkje API-verifisert | Source og metadata-sidefil samsvarer","Ikkje undersøkt"
"force-app","ApexClass","AAREG_ApplicationArchiveBatchTest","2026-01-11T22:25:39+01:00","8dbf7ec5bdbbb2e703af681f88be26c59dc21d47","2025-11-12T19:52:16+01:00 | 2026-01-11T22:25:39+01:00","force-app/aareg_Websak/classes/AAREG_ApplicationArchiveBatchTest.cls | force-app/aareg_Websak/classes/AAREG_ApplicationArchiveBatchTest.cls-meta.xml | force-app/main/default/classes/AAREG_ApplicationArchiveBatchTest.cls | force-app/main/default/classes/AAREG_ApplicationArchiveBatchTest.cls-meta.xml","","Git-heuristikk; ikkje API-verifisert | Source og metadata-sidefil samsvarer","Ikkje undersøkt"
"force-app","ApexClass","AAREG_ApplicationControllerCoverageTest","2026-07-13T14:59:38+02:00","c1e600fcb97045c05a1b0931ff580486bbef6e92","2026-07-13T14:59:38+02:00","force-app/externalApplication/classes/AAREG_ApplicationControllerCoverageTest.cls | force-app/externalApplication/classes/AAREG_ApplicationControllerCoverageTest.cls-meta.xml","","","Ikkje undersøkt"
"force-app","ApexClass","AAREG_ArchiveApplicationCommandTest","2026-07-10T13:33:01+02:00","ac3b22c2e34bad5266b47f1bd35626fcafc5a214","2026-07-10T13:33:01+02:00","force-app/tests/classes/integration/p360/orchestration/AAREG_ArchiveApplicationCommandTest.cls | force-app/tests/classes/integration/p360/orchestration/AAREG_ArchiveApplicationCommandTest.cls-meta.xml","","","Ikkje undersøkt"
"force-app","ApexClass","AAREG_ArchiveApplicationResultTest","2026-07-10T13:33:01+02:00","ac3b22c2e34bad5266b47f1bd35626fcafc5a214","2026-07-10T13:33:01+02:00","force-app/tests/classes/integration/p360/orchestration/AAREG_ArchiveApplicationResultTest.cls | force-app/tests/classes/integration/p360/orchestration/AAREG_ArchiveApplicationResultTest.cls-meta.xml","","","Ikkje undersøkt"
"force-app","ApexClass","AAREG_ArchiveBatchHandler","2026-01-11T22:25:39+01:00","8dbf7ec5bdbbb2e703af681f88be26c59dc21d47","2025-11-12T19:52:16+01:00 | 2026-01-11T22:25:39+01:00","force-app/aareg_Websak/classes/AAREG_ArchiveBatchHandler.cls | force-app/aareg_Websak/classes/AAREG_ArchiveBatchHandler.cls-meta.xml | force-app/main/default/classes/AAREG_ArchiveBatchHandler.cls | force-app/main/default/classes/AAREG_ArchiveBatchHandler.cls-meta.xml","ApexClass:AAREG_ApplicationInternalControllerTest","Berre metadata-sidefil; mogleg feilkopling | Git-heuristikk; ikkje API-verifisert | Source og metadata-sidefil samsvarer","Ikkje undersøkt"
"force-app","ApexClass","AAREG_ArchiveBatchHandlerTest","2026-01-11T22:25:39+01:00","8dbf7ec5bdbbb2e703af681f88be26c59dc21d47","2025-11-12T19:52:16+01:00 | 2026-01-11T22:25:39+01:00","force-app/aareg_Websak/classes/AAREG_ArchiveBatchHandlerTest.cls | force-app/aareg_Websak/classes/AAREG_ArchiveBatchHandlerTest.cls-meta.xml | force-app/main/default/classes/AAREG_ArchiveBatchHandlerTest.cls | force-app/main/default/classes/AAREG_ArchiveBatchHandlerTest.cls-meta.xml","","Git-heuristikk; ikkje API-verifisert | Source og metadata-sidefil samsvarer","Ikkje undersøkt"
"force-app","ApexClass","AAREG_ArchiveScheduler","2026-01-11T22:25:39+01:00","8dbf7ec5bdbbb2e703af681f88be26c59dc21d47","2025-11-12T19:52:16+01:00 | 2026-01-11T22:25:39+01:00","force-app/aareg_Websak/classes/AAREG_ArchiveScheduler.cls | force-app/aareg_Websak/classes/AAREG_ArchiveScheduler.cls-meta.xml | force-app/main/default/classes/AAREG_ArchiveScheduler.cls | force-app/main/default/classes/AAREG_ArchiveScheduler.cls-meta.xml","","Git-heuristikk; ikkje API-verifisert | Source og metadata-sidefil samsvarer","Ikkje undersøkt"
"force-app","ApexClass","AAREG_ArchiveSchedulerTest","2026-01-11T22:25:39+01:00","8dbf7ec5bdbbb2e703af681f88be26c59dc21d47","2025-11-12T19:52:16+01:00 | 2026-01-11T22:25:39+01:00","force-app/aareg_Websak/classes/AAREG_ArchiveSchedulerTest.cls | force-app/aareg_Websak/classes/AAREG_ArchiveSchedulerTest.cls-meta.xml | force-app/main/default/classes/AAREG_ArchiveSchedulerTest.cls | force-app/main/default/classes/AAREG_ArchiveSchedulerTest.cls-meta.xml","","Git-heuristikk; ikkje API-verifisert | Source og metadata-sidefil samsvarer","Ikkje undersøkt"
"force-app","ApexClass","AAREG_ArchiveService","2026-01-11T22:25:39+01:00","8dbf7ec5bdbbb2e703af681f88be26c59dc21d47","2025-11-12T19:52:16+01:00 | 2026-01-11T22:25:39+01:00","force-app/aareg_Websak/classes/AAREG_ArchiveService.cls | force-app/aareg_Websak/classes/AAREG_ArchiveService.cls-meta.xml | force-app/main/default/classes/AAREG_ArchiveService.cls | force-app/main/default/classes/AAREG_ArchiveService.cls-meta.xml","","Git-heuristikk; ikkje API-verifisert | Source og metadata-sidefil samsvarer","Ikkje undersøkt"
"force-app","ApexClass","AAREG_ArchiveServiceTest","2026-01-11T22:25:39+01:00","8dbf7ec5bdbbb2e703af681f88be26c59dc21d47","2025-11-12T19:52:16+01:00 | 2026-01-11T22:25:39+01:00","force-app/aareg_Websak/classes/AAREG_ArchiveServiceTest.cls | force-app/aareg_Websak/classes/AAREG_ArchiveServiceTest.cls-meta.xml | force-app/main/default/classes/AAREG_ArchiveServiceTest.cls | force-app/main/default/classes/AAREG_ArchiveServiceTest.cls-meta.xml","","Git-heuristikk; ikkje API-verifisert | Source og metadata-sidefil samsvarer","Ikkje undersøkt"
"force-app","ApexClass","AAREG_CheckObjectTypeNamingTest","2026-10-08T06:08:04+02:00","4782dc2baaf652ebd354ee2ae5a8f93fe2ff8c98","2026-10-08T06:08:04+02:00","force-app/utility/classes/AAREG_CheckObjectTypeNamingTest.cls | force-app/utility/classes/AAREG_CheckObjectTypeNamingTest.cls-meta.xml","ApexClass:IntegrationLogRedactor","Berre metadata-sidefil; mogleg feilkopling","Ikkje undersøkt"
"force-app","ApexClass","AAREG_DecisionArchiveBatch","2026-01-11T22:25:39+01:00","8dbf7ec5bdbbb2e703af681f88be26c59dc21d47","2025-11-12T19:52:16+01:00 | 2026-01-11T22:25:39+01:00","force-app/aareg_Websak/classes/AAREG_DecisionArchiveBatch.cls | force-app/aareg_Websak/classes/AAREG_DecisionArchiveBatch.cls-meta.xml | force-app/main/default/classes/AAREG_DecisionArchiveBatch.cls | force-app/main/default/classes/AAREG_DecisionArchiveBatch.cls-meta.xml","","Git-heuristikk; ikkje API-verifisert | Source og metadata-sidefil samsvarer","Ikkje undersøkt"
"force-app","ApexClass","AAREG_DecisionArchiveBatchTest","2026-01-11T22:25:39+01:00","8dbf7ec5bdbbb2e703af681f88be26c59dc21d47","2025-11-12T19:52:16+01:00 | 2026-01-11T22:25:39+01:00","force-app/aareg_Websak/classes/AAREG_DecisionArchiveBatchTest.cls | force-app/aareg_Websak/classes/AAREG_DecisionArchiveBatchTest.cls-meta.xml | force-app/main/default/classes/AAREG_DecisionArchiveBatchTest.cls | force-app/main/default/classes/AAREG_DecisionArchiveBatchTest.cls-meta.xml","","Git-heuristikk; ikkje API-verifisert | Source og metadata-sidefil samsvarer","Ikkje undersøkt"
"force-app","ApexClass","AAREG_MyAppsCoverageTest","2026-07-13T14:59:38+02:00","c1e600fcb97045c05a1b0931ff580486bbef6e92","2026-07-13T14:59:38+02:00","force-app/externalApplication/classes/AAREG_MyAppsCoverageTest.cls | force-app/externalApplication/classes/AAREG_MyAppsCoverageTest.cls-meta.xml","","","Ikkje undersøkt"
"force-app","ApexClass","AAREG_WebsakXMLGenerator","2026-01-11T22:25:39+01:00","8dbf7ec5bdbbb2e703af681f88be26c59dc21d47","2025-11-12T19:52:16+01:00 | 2026-01-11T22:25:39+01:00","force-app/aareg_Websak/classes/AAREG_WebsakXMLGenerator.cls | force-app/aareg_Websak/classes/AAREG_WebsakXMLGenerator.cls-meta.xml | force-app/main/default/classes/AAREG_WebsakXMLGenerator.cls | force-app/main/default/classes/AAREG_WebsakXMLGenerator.cls-meta.xml","","Git-heuristikk; ikkje API-verifisert | Source og metadata-sidefil samsvarer","Ikkje undersøkt"
"force-app","ApexClass","AAREG_WebsakXMLGeneratorTest","2026-01-11T22:25:39+01:00","8dbf7ec5bdbbb2e703af681f88be26c59dc21d47","2025-11-12T19:52:16+01:00 | 2026-01-11T22:25:39+01:00","force-app/aareg_Websak/classes/AAREG_WebsakXMLGeneratorTest.cls | force-app/aareg_Websak/classes/AAREG_WebsakXMLGeneratorTest.cls-meta.xml | force-app/main/default/classes/AAREG_WebsakXMLGeneratorTest.cls | force-app/main/default/classes/AAREG_WebsakXMLGeneratorTest.cls-meta.xml","","Git-heuristikk; ikkje API-verifisert | Source og metadata-sidefil samsvarer","Ikkje undersøkt"
"force-app","ApexClass","CRM_ApplicationDomain","2021-11-01T08:45:47+01:00","9b307d0850e2e2a09e7cdb24092654194a414a27","2021-11-01T08:45:31+01:00 | 2021-11-01T08:45:47+01:00","force-app/main/default/classes/CRM_ApplicationDomain.cls | force-app/main/default/classes/CRM_ApplicationDomain.cls-meta.xml","","","Ikkje undersøkt"
"force-app","ApexClass","P360_ArchiveDtoTest","2026-07-10T13:33:01+02:00","ac3b22c2e34bad5266b47f1bd35626fcafc5a214","2026-07-10T13:33:01+02:00","force-app/tests/classes/integration/p360/contract/dto/P360_ArchiveDtoTest.cls | force-app/tests/classes/integration/p360/contract/dto/P360_ArchiveDtoTest.cls-meta.xml","ApexClass:P360_ContractDtoTest","Berre metadata-sidefil; mogleg feilkopling","Ikkje undersøkt"
"force-app","ApexClass","P360_ContractDtoTest","2026-07-10T23:27:22+02:00","29937202cfdeda8043bf25b03426f2dce0394b74","2026-07-10T23:27:22+02:00","force-app/integration/p360/classes/contract/P360_ContractDtoTest.cls | force-app/integration/p360/classes/contract/P360_ContractDtoTest.cls-meta.xml","","","Ikkje undersøkt"
"force-app","ApexClass","P360_ExceptionTest","2026-07-10T23:27:22+02:00","29937202cfdeda8043bf25b03426f2dce0394b74","2026-07-10T13:33:01+02:00 | 2026-07-10T23:27:22+02:00","force-app/integration/p360/classes/exception/P360_ExceptionTest.cls | force-app/integration/p360/classes/exception/P360_ExceptionTest.cls-meta.xml | force-app/tests/classes/integration/p360/exception/P360_ExceptionTest.cls | force-app/tests/classes/integration/p360/exception/P360_ExceptionTest.cls-meta.xml","","Berre metadata-sidefil; mogleg feilkopling","Ikkje undersøkt"
"force-app","ApexClass","P360_RpcDtoTest","2026-07-10T13:33:01+02:00","ac3b22c2e34bad5266b47f1bd35626fcafc5a214","2026-07-10T13:33:01+02:00","force-app/tests/classes/integration/p360/contract/dto/P360_RpcDtoTest.cls | force-app/tests/classes/integration/p360/contract/dto/P360_RpcDtoTest.cls-meta.xml","","","Ikkje undersøkt"
"force-app","ApexClass","TimeTestEventController","2026-08-05T15:22:12+02:00","733dbe700350cbceb8d51c068fab6d200099b01c","2026-08-05T15:22:12+02:00","force-app/timeTest/classes/TimeTestEventController.cls | force-app/timeTest/classes/TimeTestEventController.cls-meta.xml","","","Ikkje undersøkt"
"force-app","ApexClass","TimeTestEventControllerTest","2026-08-05T15:22:12+02:00","733dbe700350cbceb8d51c068fab6d200099b01c","2026-08-05T15:22:12+02:00","force-app/timeTest/classes/TimeTestEventControllerTest.cls | force-app/timeTest/classes/TimeTestEventControllerTest.cls-meta.xml","","","Ikkje undersøkt"
"force-app","ApexClass","TimeTestEventPlanner","2026-08-05T15:22:12+02:00","733dbe700350cbceb8d51c068fab6d200099b01c","2026-08-05T15:22:12+02:00","force-app/timeTest/classes/TimeTestEventPlanner.cls | force-app/timeTest/classes/TimeTestEventPlanner.cls-meta.xml","","","Ikkje undersøkt"
"force-app","ApexClass","TimeTestEventRequest","2026-08-05T15:22:12+02:00","733dbe700350cbceb8d51c068fab6d200099b01c","2026-08-05T15:22:12+02:00","force-app/timeTest/classes/TimeTestEventRequest.cls | force-app/timeTest/classes/TimeTestEventRequest.cls-meta.xml","","","Ikkje undersøkt"
"force-app","ApexClass","TimeTestEventRuleEngine","2026-08-05T15:22:12+02:00","733dbe700350cbceb8d51c068fab6d200099b01c","2026-08-05T15:22:12+02:00","force-app/timeTest/classes/TimeTestEventRuleEngine.cls | force-app/timeTest/classes/TimeTestEventRuleEngine.cls-meta.xml","","","Ikkje undersøkt"
"force-app","ApexClass","TimeTestEventSummary","2026-08-05T15:22:12+02:00","733dbe700350cbceb8d51c068fab6d200099b01c","2026-08-05T15:22:12+02:00","force-app/timeTest/classes/TimeTestEventSummary.cls | force-app/timeTest/classes/TimeTestEventSummary.cls-meta.xml","","","Ikkje undersøkt"
"force-app","ApexTestSuite","ArchiveTests","2026-01-11T22:25:39+01:00","8dbf7ec5bdbbb2e703af681f88be26c59dc21d47","2026-01-11T22:25:39+01:00","force-app/main/default/testSuites/ArchiveTests.testSuite-meta.xml","","","Ikkje undersøkt"
"force-app","CustomApplication","Arbeidsforhold","2026-06-24T01:58:59+02:00","e344554e2b4255f7d9d79aad79693f5fad769f4d","2026-06-24T01:58:59+02:00","force-app/main/default/applications/Arbeidsforhold.app-meta.xml","CustomApplication:AAREG_application","Git-heuristikk; ikkje API-verifisert","Ikkje undersøkt"
"force-app","CustomApplication","Arbeidsforhold_henvendelse","2026-06-24T01:58:59+02:00","e344554e2b4255f7d9d79aad79693f5fad769f4d","2021-09-13T15:30:30+02:00 | 2026-06-24T01:58:59+02:00","force-app/main/default/applications/Arbeidsforhold_henvendelse.app-meta.xml","CustomApplication:AAREG_support","Git-heuristikk; ikkje API-verifisert","Ikkje undersøkt"
"force-app","CustomField","Agreement__c.EventAccess__c","2026-03-09T12:08:31+01:00","d24d0b31c8a42111d324c626e56caf19a36d00bf","2026-03-09T12:08:31+01:00","force-app/main/default/objects/Agreement__c/fields/EventAccess__c.field-meta.xml","","","Ikkje undersøkt"
"force-app","CustomField","Application__c.ApplicationDeadline__c","2022-11-14T14:03:52+01:00","2554e3d3267d213e8e7778af0d80c20b12fbe054","2022-11-14T14:03:52+01:00","force-app/main/default/objects/Application__c/fields/ApplicationDeadline__c.field-meta.xml","","","Ikkje undersøkt"
"force-app","CustomField","Application__c.EventAccess__c","2026-03-09T12:08:31+01:00","d24d0b31c8a42111d324c626e56caf19a36d00bf","2026-03-09T12:08:31+01:00","force-app/main/default/objects/Application__c/fields/EventAccess__c.field-meta.xml","","","Ikkje undersøkt"
"force-app","CustomField","Application_Decision__c.isDetailStatusFilled__c","2026-02-05T08:58:18+01:00","5621f7001d55626cf0e22c8e6aa4685ceb3d3b2c","2026-02-05T08:58:18+01:00","force-app/main/default/objects/Application_Decision__c/fields/isDetailStatusFilled__c.field-meta.xml","","","Ikkje undersøkt"
"force-app","CustomField","Application_Decision__c.isNotNull__c","2026-02-05T08:57:53+01:00","8f5ff7c2a5c7b1486350598538d79aaa9c4bf7bd","2026-02-05T08:57:53+01:00","force-app/main/default/objects/Application_Decision__c/fields/isNotNull__c.field-meta.xml","","","Ikkje undersøkt"
"force-app","CustomField","Application_Decision_Details__c.Letter_complaint_section__c","2026-01-19T23:16:14+01:00","26cadbeabbc012b8a02fb1f6fe168620625faccf","2026-01-19T23:16:14+01:00","force-app/main/default/objects/Application_Decision_Details__c/fields/Letter_complaint_section__c.field-meta.xml","CustomField:Application_Decision__c.Letter_complaint_text__c","Git-heuristikk; ikkje API-verifisert","Ikkje undersøkt"
"force-app","CustomField","Application_Decision_Details__c.Letter_terms_section__c","2026-01-19T23:16:14+01:00","26cadbeabbc012b8a02fb1f6fe168620625faccf","2026-01-19T23:16:14+01:00","force-app/main/default/objects/Application_Decision_Details__c/fields/Letter_terms_section__c.field-meta.xml","CustomField:Application_Decision__c.Letter_terms_text__c","Git-heuristikk; ikkje API-verifisert","Ikkje undersøkt"
"force-app","CustomField","Application_Decision_Details__c.Processing_basis_status__c","2026-02-05T11:59:03+01:00","e642738a646ca8c810ff99ab297af5a688c66544","2026-02-05T11:59:03+01:00","force-app/main/default/objects/Application_Decision_Details__c/fields/Processing_basis_status__c.field-meta.xml","","","Ikkje undersøkt"
"force-app","CustomField","ApplicationBasisCode__c.LegalBasisStateBusiness__c","2021-05-26T11:35:29+02:00","132d704bd4556dad52149727bd03010e7672aa8d","2021-05-26T11:35:29+02:00","force-app/main/default/objects/ApplicationBasisCode__c/fields/LegalBasisStateBusiness__c.field-meta.xml","","","Ikkje undersøkt"
"force-app","CustomField","ApplicationBasisCode__c.LegalBasisStateGeneral__c","2021-05-26T11:35:29+02:00","132d704bd4556dad52149727bd03010e7672aa8d","2021-05-26T11:35:29+02:00","force-app/main/default/objects/ApplicationBasisCode__c/fields/LegalBasisStateGeneral__c.field-meta.xml","","","Ikkje undersøkt"
"force-app","CustomField","ApplicationBasisCode__c.LegalBasisStateHealthAndSocial__c","2021-05-26T11:35:29+02:00","132d704bd4556dad52149727bd03010e7672aa8d","2021-05-26T11:35:29+02:00","force-app/main/default/objects/ApplicationBasisCode__c/fields/LegalBasisStateHealthAndSocial__c.field-meta.xml","","","Ikkje undersøkt"
"force-app","CustomField","ApplicationBasisCode__c.LegalBasisStateLegal__c","2021-05-26T11:35:29+02:00","132d704bd4556dad52149727bd03010e7672aa8d","2021-05-26T11:35:29+02:00","force-app/main/default/objects/ApplicationBasisCode__c/fields/LegalBasisStateLegal__c.field-meta.xml","","","Ikkje undersøkt"
"force-app","CustomField","ApplicationBasisCode__c.LegalBasisStateMilitary__c","2021-05-26T11:35:29+02:00","132d704bd4556dad52149727bd03010e7672aa8d","2021-05-26T11:35:29+02:00","force-app/main/default/objects/ApplicationBasisCode__c/fields/LegalBasisStateMilitary__c.field-meta.xml","","","Ikkje undersøkt"
"force-app","CustomField","ApplicationBasisCode__c.LegalBasisStateResearch__c","2021-05-26T11:35:29+02:00","132d704bd4556dad52149727bd03010e7672aa8d","2021-05-26T11:35:29+02:00","force-app/main/default/objects/ApplicationBasisCode__c/fields/LegalBasisStateResearch__c.field-meta.xml","","","Ikkje undersøkt"
"force-app","CustomField","ApplicationBasisCode__c.PurposeStateBusiness__c","2021-05-26T11:35:29+02:00","132d704bd4556dad52149727bd03010e7672aa8d","2021-05-26T11:35:29+02:00","force-app/main/default/objects/ApplicationBasisCode__c/fields/PurposeStateBusiness__c.field-meta.xml","","","Ikkje undersøkt"
"force-app","CustomField","ApplicationBasisCode__c.PurposeStateGeneral__c","2021-05-26T11:35:29+02:00","132d704bd4556dad52149727bd03010e7672aa8d","2021-05-26T11:35:29+02:00","force-app/main/default/objects/ApplicationBasisCode__c/fields/PurposeStateGeneral__c.field-meta.xml","","","Ikkje undersøkt"
"force-app","CustomField","ApplicationBasisCode__c.PurposeStateHealthAndSocial__c","2021-05-26T11:35:29+02:00","132d704bd4556dad52149727bd03010e7672aa8d","2021-05-26T11:35:29+02:00","force-app/main/default/objects/ApplicationBasisCode__c/fields/PurposeStateHealthAndSocial__c.field-meta.xml","","","Ikkje undersøkt"
"force-app","CustomField","ApplicationBasisCode__c.PurposeStateLegal__c","2021-05-26T11:35:29+02:00","132d704bd4556dad52149727bd03010e7672aa8d","2021-05-26T11:35:29+02:00","force-app/main/default/objects/ApplicationBasisCode__c/fields/PurposeStateLegal__c.field-meta.xml","","","Ikkje undersøkt"
"force-app","CustomField","ApplicationBasisCode__c.PurposeStateMilitary__c","2021-05-26T11:35:29+02:00","132d704bd4556dad52149727bd03010e7672aa8d","2021-05-26T11:35:29+02:00","force-app/main/default/objects/ApplicationBasisCode__c/fields/PurposeStateMilitary__c.field-meta.xml","","","Ikkje undersøkt"
"force-app","CustomField","ApplicationBasisCode__c.PurposeStateResearch__c","2021-05-26T11:35:29+02:00","132d704bd4556dad52149727bd03010e7672aa8d","2021-05-26T11:35:29+02:00","force-app/main/default/objects/ApplicationBasisCode__c/fields/PurposeStateResearch__c.field-meta.xml","","","Ikkje undersøkt"
"force-app","Dashboard","AaregistretDashboards/GKtYxPggRSehHAgZamtQodkAOOUTSD","2026-06-16T18:57:43+02:00","32df4c4fedf09d76df744a390ee760969bbb3c2f","2026-06-16T18:57:43+02:00","force-app/main/default/dashboards/AaregistretDashboards/GKtYxPggRSehHAgZamtQodkAOOUTSD.dashboard-meta.xml","","","Ikkje undersøkt"
"force-app","Dashboard","AaregistretDashboards/GQvEviCLZeKewgTwnAaPTJEQJmzuEa","2026-06-16T18:57:43+02:00","32df4c4fedf09d76df744a390ee760969bbb3c2f","2026-06-16T18:57:43+02:00","force-app/main/default/dashboards/AaregistretDashboards/GQvEviCLZeKewgTwnAaPTJEQJmzuEa.dashboard-meta.xml","","","Ikkje undersøkt"
"force-app","Dashboard","AaregistretDashboards/gRzFZpdxEiaCoJStEunYuFQsBNpjbe","2026-06-15T09:01:33+02:00","62164dbaeda7d8418c28987d90b89e633a35b86b","2026-06-15T09:01:33+02:00","force-app/main/default/dashboards/AaregistretDashboards/gRzFZpdxEiaCoJStEunYuFQsBNpjbe.dashboard-meta.xml","","","Ikkje undersøkt"
"force-app","Dashboard","CompanyDashboards/cJnGwvGCUSKVeTaRvFsWdJsGDkPlHk","2021-09-21T08:03:08+02:00","73795596699c3d86a4c21bbbfc39e2bd29e10588","2021-09-21T08:03:08+02:00","force-app/main/default/dashboards/CompanyDashboards/cJnGwvGCUSKVeTaRvFsWdJsGDkPlHk.dashboard-meta.xml","","","Ikkje undersøkt"
"force-app","Dashboard","CompanyDashboards/gRzFZpdxEiaCoJStEunYuFQsBNpjbe","2021-05-20T09:23:37+02:00","814c84ff47761a27d3425105e035b9f03ed6dccc","2021-05-20T09:23:37+02:00","force-app/main/default/dashboards/CompanyDashboards/gRzFZpdxEiaCoJStEunYuFQsBNpjbe.dashboard-meta.xml","Dashboard:AaregistretDashboards/gRzFZpdxEiaCoJStEunYuFQsBNpjbe","Git-heuristikk; ikkje API-verifisert","Ikkje undersøkt"
"force-app","EmailTemplate","unfiled$public/aaRegApplicationConfirmation_1622393053589","2025-11-23T03:16:53+01:00","c6c2afbe816f8b96e9eadc23ed41a87221b5b451","2021-05-31T07:19:54+02:00 | 2025-11-23T03:16:53+01:00","force-app/main/default/email/unfiled$public/aaRegApplicationConfirmation_1622393053589.email | force-app/main/default/email/unfiled$public/aaRegApplicationConfirmation_1622393053589.email-meta.xml | force-app/unpackagable/email/unfiled$public/aaRegApplicationConfirmation_1622393053589.email | force-app/unpackagable/email/unfiled$public/aaRegApplicationConfirmation_1622393053589.email-meta.xml","","","Ikkje undersøkt"
"force-app","EmailTemplate","unfiled$public/aaRegApplicationConfirmation_1636046532436","2021-11-04T22:34:19+01:00","d41a2c7cf7dba9ea32eb8ac4814709a5a7cda8a4","2021-11-04T22:34:19+01:00","force-app/main/default/email/unfiled$public/aaRegApplicationConfirmation_1636046532436.email | force-app/main/default/email/unfiled$public/aaRegApplicationConfirmation_1636046532436.email-meta.xml","","","Ikkje undersøkt"
"force-app","FlexiPage","AAREG_CasehandlingRecordPage","2021-05-30T21:09:40+02:00","c9840af9e38f52d5f53dfc1d908c2f6f3ae13a8d","2021-05-30T21:09:40+02:00","force-app/main/default/flexipages/AAREG_CasehandlingRecordPage.flexipage-meta.xml","","","Ikkje undersøkt"
"force-app","FlexiPage","AgreementRecordPage","2021-05-30T21:09:40+02:00","c9840af9e38f52d5f53dfc1d908c2f6f3ae13a8d","2021-05-30T21:09:40+02:00","force-app/main/default/flexipages/AgreementRecordPage.flexipage-meta.xml","","","Ikkje undersøkt"
"force-app","FlexiPage","ApplicationRecordPage","2021-05-30T21:09:40+02:00","c9840af9e38f52d5f53dfc1d908c2f6f3ae13a8d","2021-05-30T21:09:40+02:00","force-app/main/default/flexipages/ApplicationRecordPage.flexipage-meta.xml","","","Ikkje undersøkt"
"force-app","FlexiPage","Home_Page_Default","2021-05-26T18:20:57+02:00","832892549bab9f77223c265e1e975d0a0bae6fc1","2021-05-26T18:20:57+02:00","force-app/main/default/flexipages/Home_Page_Default.flexipage-meta.xml","","","Ikkje undersøkt"
"force-app","Flow","AAREG_applicationFinished","2026-03-09T12:08:31+01:00","d24d0b31c8a42111d324c626e56caf19a36d00bf","2026-03-09T12:08:31+01:00","force-app/main/default/flows/AAREG_applicationFinished.flow-meta.xml","","","Ikkje undersøkt"
"force-app","Flow","AAREG_applicationFinished_RT","2026-03-09T12:08:31+01:00","d24d0b31c8a42111d324c626e56caf19a36d00bf","2026-03-09T12:08:31+01:00","force-app/main/default/flows/AAREG_applicationFinished_RT.flow-meta.xml","","","Ikkje undersøkt"
"force-app","Flow","AAREG_changeCasehandler","2026-01-15T22:58:09+01:00","897a49bb6a2f559bfdbe52fc1617f0073ef560bd","2026-01-15T22:58:09+01:00","force-app/main/default/flows/AAREG_changeCasehandler.flow-meta.xml","","","Ikkje undersøkt"
"force-app","Flow","AAREG_createDistributionAccess","2026-07-08T13:01:13+02:00","36eba55d8471523016e7d68d430a5044c706ba72","2026-07-08T13:01:13+02:00","force-app/main/default/flows/AAREG_createDistributionAccess.flow-meta.xml","Flow:AAREG_Agreement_create_distribution_access","Git-heuristikk; ikkje API-verifisert","Ikkje undersøkt"
"force-app","Flow","AAREG_Decision_create_agreement","2026-01-30T21:10:27+01:00","be433d2e8ca14d43f44e6b3b36019cd380ce0e75","2026-01-30T21:10:27+01:00","force-app/main/default/flows/AAREG_Decision_create_agreement.flow-meta.xml","Flow:AAREG_Decision_Completed","Git-heuristikk; ikkje API-verifisert","Ikkje undersøkt"
"force-app","Flow","AAREG_getContactAndUpdateApplication","2021-06-14T01:39:45+02:00","06b6df3cc2685d00304236f0648f69032b6e246a","2021-06-14T01:39:45+02:00","force-app/main/default/flows/AAREG_getContactAndUpdateApplication.flow-meta.xml","","","Ikkje undersøkt"
"force-app","Flow","AAREG_populateDecisionText","2026-03-10T12:48:55+01:00","c2fdd7e9eb2fb25c6b4b5673c1ad2a6551b2d23a","2026-03-10T12:48:55+01:00","force-app/main/default/flows/AAREG_populateDecisionText.flow-meta.xml","","","Ikkje undersøkt"
"force-app","Flow","AAREG_subflowCreateTask_RT","2026-06-12T21:07:59+02:00","7462cb31052d88440c529f7dfa6ccf4660a2b81d","2026-06-12T21:07:59+02:00","force-app/main/default/flows/AAREG_subflowCreateTask_RT.flow-meta.xml","","","Ikkje undersøkt"
"force-app","Flow","AAREG_updateDecisionText","2026-03-10T12:48:55+01:00","c2fdd7e9eb2fb25c6b4b5673c1ad2a6551b2d23a","2021-06-23T01:46:15+02:00 | 2021-10-22T13:34:10+02:00 | 2021-10-24T20:47:18+02:00 | 2026-03-10T12:48:55+01:00","AAREG_updateDecisionText.flow-meta.xml | force-app/main/default/flows/AAREG_updateDecisionText.flow-meta.xml","","Git-heuristikk; ikkje API-verifisert","Ikkje undersøkt"
"force-app","Flow","Agreement_Initiator","2026-06-05T12:12:45+02:00","fc00a452463d23dd43c0c2b513ad0d4b637429d5","2026-06-05T12:12:45+02:00","force-app/main/default/flows/Agreement_Initiator.flow-meta.xml","","","Ikkje undersøkt"
"force-app","Flow","Application_Processor","2021-06-23T17:01:14+02:00","603f21f88efa3c404b4e2a7d91f79ce2761c0ef0","2021-06-23T17:01:14+02:00","force-app/main/default/flows/Application_Processor.flow-meta.xml","","","Ikkje undersøkt"
"force-app","Layout","Application__c-Application Layout","2021-05-30T21:09:40+02:00","c9840af9e38f52d5f53dfc1d908c2f6f3ae13a8d","2021-05-30T21:09:40+02:00","force-app/main/default/layouts/Application__c-Application Layout.layout-meta.xml","","","Ikkje undersøkt"
"force-app","Layout","Application_Decision_Details__c-Oppsettet Application Decision","2026-01-19T23:16:14+01:00","26cadbeabbc012b8a02fb1f6fe168620625faccf","2026-01-19T23:16:14+01:00","force-app/main/default/layouts/Application_Decision_Details__c-Oppsettet Application Decision.layout-meta.xml","","","Ikkje undersøkt"
"force-app","LightningComponentBundle","aareg_ApplicationDecisionInternal","2025-12-15T11:31:33+01:00","a786703bc5ddb0688c95681a60fe0af43798ac19","2025-12-15T11:31:33+01:00","force-app/aareg_ApplicationDecisionInternal/lwc/aareg_ApplicationDecisionInternal/aareg_applicationDecisionInternal.html | force-app/aareg_ApplicationDecisionInternal/lwc/aareg_ApplicationDecisionInternal/aareg_applicationDecisionInternal.js | force-app/aareg_ApplicationDecisionInternal/lwc/aareg_ApplicationDecisionInternal/aareg_applicationDecisionInternal.js-meta.xml","","","Ikkje undersøkt"
"force-app","ListView","Inquiry__c.Aareg_SupportApplicationQuestions","2021-11-24T09:29:12+01:00","c6556bde9aba50aa561e94d875e6ee55379119a8","2021-11-24T09:29:12+01:00","force-app/main/default/objects/Inquiry__c/listViews/Aareg_SupportApplicationQuestions.listView-meta.xml","ListView:Inquiry__c.Aareg_Saker_til_behandling","Git-heuristikk; ikkje API-verifisert","Ikkje undersøkt"
"force-app","ListView","Inquiry__c.Aareg_SupportProfessionalFunctionalQuestions","2021-11-24T09:29:12+01:00","c6556bde9aba50aa561e94d875e6ee55379119a8","2021-11-24T09:29:12+01:00","force-app/main/default/objects/Inquiry__c/listViews/Aareg_SupportProfessionalFunctionalQuestions.listView-meta.xml","","","Ikkje undersøkt"
"force-app","PathAssistant","ArbeidsforholdApplicationPath","2021-05-30T21:09:40+02:00","c9840af9e38f52d5f53dfc1d908c2f6f3ae13a8d","2021-05-30T21:09:40+02:00","force-app/main/default/pathAssistants/ArbeidsforholdApplicationPath.pathAssistant-meta.xml","","","Ikkje undersøkt"
"force-app","PermissionSet","NAVArbeidsforhold","2022-01-20T20:56:56+01:00","438b72bcc470e7a4cfd2bed9ec9a58e986c80396","2022-01-20T20:56:56+01:00","force-app/main/default/permissionsets/NAVArbeidsforhold.permissionset-meta.xml","","","Ikkje undersøkt"
"force-app","PermissionSetGroup","AAREG_Arbeidsforhold_Saksbehandling_GroupSet","2021-11-26T13:08:50+01:00","ce2ef88a292188fc729ed0a24999d3974c16e04c","2021-11-26T13:08:50+01:00","force-app/main/default/permissionsetgroups/AAREG_Arbeidsforhold_Saksbehandling_GroupSet.permissionsetgroup-meta.xml","","","Ikkje undersøkt"
"force-app","PermissionSetGroup","AAREG_Arbeidsforhold_Support_GroupSet","2021-11-26T13:08:50+01:00","ce2ef88a292188fc729ed0a24999d3974c16e04c","2021-11-26T13:08:50+01:00","force-app/main/default/permissionsetgroups/AAREG_Arbeidsforhold_Support_GroupSet.permissionsetgroup-meta.xml","","","Ikkje undersøkt"
"force-app","QuickAction","Application__c.aaReg_ApplicationDone","2026-01-30T21:10:27+01:00","be433d2e8ca14d43f44e6b3b36019cd380ce0e75","2026-01-30T21:10:27+01:00","force-app/main/default/quickActions/Application__c.aaReg_ApplicationDone.quickAction-meta.xml","","","Ikkje undersøkt"
"force-app","QuickAction","Application_Decision__c.AAREG_Create_agreement","2026-01-30T21:10:27+01:00","be433d2e8ca14d43f44e6b3b36019cd380ce0e75","2026-01-30T21:10:27+01:00","force-app/main/default/quickActions/Application_Decision__c.AAREG_Create_agreement.quickAction-meta.xml","QuickAction:Application_Decision__c.AAREG_completeDecision","Git-heuristikk; ikkje API-verifisert","Ikkje undersøkt"
"force-app","RemoteSiteSetting","AAREG_DistribusjonTilgangAPI","2025-10-23T12:16:06+02:00","7da15b25e0075f72d9187f53367cca3546cb20c7","2025-10-23T12:16:06+02:00","force-app/main/default/remoteSiteSettings/AAREG_DistribusjonTilgangAPI.remoteSite-meta.xml","","","Ikkje undersøkt"
"force-app","Report","Aa_registerReports/Aa_regNewFourthAndOlder","2026-06-16T18:57:43+02:00","32df4c4fedf09d76df744a390ee760969bbb3c2f","2026-06-16T18:57:43+02:00","force-app/main/default/reports/Aa_registerReports/Aa_regNewFourthAndOlder.report-meta.xml","","","Ikkje undersøkt"
"force-app","Report","Aa_registerReports/aareg_oversikt_konsument_og_kontaktpersoner","2026-02-10T14:52:07+01:00","e285cce29b8708eff7816bb33cf914592391a89d","2026-02-10T14:52:07+01:00","force-app/main/default/reports/Aa_registerReports/aareg_oversikt_konsument_og_kontaktpersoner.report-meta.xml","","","Ikkje undersøkt"
"force-app","ReportFolder","Aa_registerReports/AAREG_arbeidsforholdTeam","2026-04-20T14:37:08+02:00","23ae38a8f3cb4aa8ff29c111ae5ff89de5321c6c","2026-04-20T14:37:08+02:00","force-app/main/default/reports/Aa_registerReports/AAREG_arbeidsforholdTeam.reportFolder-meta.xml","","","Ikkje undersøkt"
"force-app","ReportType","Accounts_with_Applications_Decisions_Decision_Details","2026-02-10T14:52:07+01:00","e285cce29b8708eff7816bb33cf914592391a89d","2026-02-10T14:52:07+01:00","force-app/main/default/reportTypes/Accounts_with_Applications_Decisions_Decision_Details.reportType-meta.xml","ReportType:AAREG_Accounts_with_Applications_Decisions_Decision_Details","Git-heuristikk; ikkje API-verifisert","Ikkje undersøkt"
"force-app","ReportType","Decision_Detail_Master_Application_Account","2026-02-02T14:46:52+01:00","8a0b12e7322254888c207f09c599baf02bff3fee","2026-02-02T14:46:52+01:00","force-app/main/default/reportTypes/Decision_Detail_Master_Application_Account.reportType-meta.xml","","","Ikkje undersøkt"
"force-app","SecuritySettings","Security","2026-04-09T09:19:30+02:00","63b226c31e38f94e8625e6032eba0a9cd91f255d","2026-04-09T09:19:30+02:00","force-app/main/default/settings/Security.settings-meta.xml","","","Ikkje undersøkt"
